Action,Apdex,Count,Avg (ms),SD (ms),Min (ms),Max (ms),Total (ms),Total (% time),Dissat (%)
Root path,0.98 [0.5],66054.16514630032,90.5,1470,0.283,87100,5980000,100.0,100.0
/liveops/events/evaluate (POST),0.84 [0.5],1719.6002012806978,1030,5890,10.5,87100,1770000,29.8,26.1
/store/playermodel/listPlayerModelsByModelIds (POST),0.97 [0.5],928.7302083333334,662,4530,150,84100,615000,10.4,02.7
/battlelog/liveops/events/evaluate (POST),0.74 [0.5],341.1842717312774,1130,6250,14.8,84600,386000,06.5,08.1
/playermodel/liveops/events/evaluate (POST),0.81 [0.5],275.9274339970831,927,5200,17.1,72700,256000,04.3,04.9
/{a:crate|crate\/v1}/liveops/events/evaluate (POST),0.7 [0.5],184.08505345455623,1160,6300,17.0,85400,213000,03.6,05.1
/version (GET),1.0 [0.5],43022.48695772231,4.82,402,0.302,60200,207000,03.5,01.5
/tutorial/liveops/events/evaluate (POST),0.9 [0.5]*,52.0,3630,15100,116,85600,189000,03.2,00.5
/playermodel/listPlayerModelsByModelIds (POST),0.99 [0.5],471.42307426665747,382,3280,145,70700,180000,03.0,00.5
/quest/getQuests (POST),1.0 [0.5],1315.0723865352163,130,1920,51.6,69800,171000,02.9,00.1
/store/purchaseConversionProduct (POST),0.99 [0.5],829.5270833333334,180,1280,20.2,33200,149000,02.5,00.8
/healthcheck (GET),0.99 [0.5],231.3003535668657,386,1800,183,27700,89300,01.5,00.2
/campaign/v2/getUpdatedCampaignInfo (POST),0.97 [0.5],616.7510436095567,144,164,20.4,866,88800,01.5,02.0
/model/playermodel/listPlayerModels (POST),0.51 [0.5]*,72.0,1230,175,464,1600,88600,01.5,03.2
/model/listModels (POST),0.26 [0.5],116.3802192247847,755,465,272,2340,87900,01.5,08.0
/recipe/processOpenGachaRecipe (POST),0.98 [0.5],284.9723404255319,301,738,166,10800,85800,01.4,00.6
/campaign/v2/finishStage (POST),0.95 [0.5],223.9408711936329,374,841,155,12600,83700,01.4,01.0
/recipe/liveops/events/evaluate (POST),0.86 [0.5],116.95743663428408,625,1660,113,11800,73100,01.2,01.5
/playerraid/end (POST),0.99 [0.5],247.89204668340318,246,151,146,2430,61000,01.0,00.1
/campaign/v2/listCoreCampaigns (POST),0.82 [0.5],123.35020872191136,451,192,101,942,55700,00.9,02.0
/mission/v1/action/draw (POST),1.0 [0.5],708.8128840465686,68.6,14.0,48.3,145,48600,00.8,00.0
/{a:authentication|authentication\/v1}/register (POST),0.47 [0.5]*,39.0,999,375,681,2280,39000,00.7,01.9
/{a:crate|crate\/v1}/listSharedCrates (POST),1.0 [0.5],781.0551107856429,38.4,11.1,21.9,107,30000,00.5,00.0
/sharedmodel/playermodel/listPlayerModels (POST),0.71 [0.5]*,33.787667178164995,869,431,336,1580,29400,00.5,00.9
/playermodel/{a:authentication|authentication\/v1}/register (POST),0.5 [0.5]*,33.0,867,67.8,695,989,28600,00.5,01.5
/reward/periodic/liveops/events/evaluate (POST),0.29 [0.5]*,19.0,1420,821,122,2230,27000,00.5,01.2
/{a:crate|crate\/v1}/playermodel/listPlayerModelsByModelIds (POST),1.0 [0.5],123.97961156341242,199,29.5,155,291,24600,00.4,00.0
/battlelog/listDefenseLogs (POST),1.0 [0.5],1173.5848684275438,19.6,5.77,13.7,77.9,23000,00.4,00.0
/inbox/claimPlayerInboxMessage (POST),0.97 [0.5]*,98.13617021276596,223,442,47.4,3220,21900,00.4,00.2
/playermodel/listPlayerModels (POST),0.64 [0.5]*,20.89690859814754,1020,442,366,1660,21400,00.4,00.7
/reward/periodic/playermodel/listPlayerModelsByModelIds (POST),1.0 [0.5],104.71197487347054,196,29.5,143,314,20500,00.3,00.0
/playermodel/playermodel/listPlayerModelsByModelIds (POST),1.0 [0.5]*,95.76154614996389,203,35.0,154,313,19400,00.3,00.0
/tutorial/tutorial/completeStep (POST),1.0 [0.5],597.0,32.1,34.8,11.2,231,19200,00.3,00.0
/battlelog/quest/getQuests (POST),1.0 [0.5],230.93925335662044,77.4,16.3,55.0,160,17900,00.3,00.0
/{a:matchmaking|matchmaking\/v1}/search (POST),1.0 [0.5],236.89685187871754,68.9,19.3,20.6,263,16300,00.3,00.0
/battlelog/playermodel/listPlayerModelsByModelIds (POST),1.0 [0.5]*,85.97727159398032,189,33.0,137,266,16200,00.3,00.0
/playermodel/quest/getQuests (POST),1.0 [0.5],209.85288749000998,77.0,16.7,56.4,161,16200,00.3,00.0
/playermodel/store/purchaseConversionProduct (POST),0.98 [0.5],121.72659574468085,131,252,21.5,2380,15900,00.3,00.2
/battlelog/campaign/v2/getUpdatedCampaignInfo (POST),0.97 [0.5],106.41828891673491,149,167,22.5,934,15900,00.3,00.3
/{a:crate|crate\/v1}/campaign/v2/finishStage (POST),0.93 [0.5]*,36.996695271008385,414,708,171,4540,15300,00.3,00.2
/inbox/getPlayerInbox (POST),1.0 [0.5],331.25499600319745,46.0,104,11.6,1880,15300,00.3,00.0
/playermodel/campaign/v2/listCoreCampaigns (POST),0.86 [0.5]*,41.771664808438004,364,270,109,893,15200,00.3,00.6
/battlelog/store/purchaseConversionProduct (POST),1.0 [0.5],150.97872340425533,94.5,86.6,21.4,460,14300,00.2,00.0
/{a:crate|crate\/v1}/{a:crate|crate\/v1}/listSharedCrates (POST),1.0 [0.5],359.904361861034,36.1,10.5,22.7,93.7,13000,00.2,00.0
/recipe/processUpgradePlayerLevelRecipe (POST),1.0 [0.5]*,50.98144673802126,245,87.6,130,485,12500,00.2,00.0
/quest/claimQuest (POST),1.0 [0.5]*,54.729787234042554,226,43.7,163,351,12400,00.2,00.0
/battlelog/recipe/processOpenGachaRecipe (POST),0.97 [0.5]*,37.69565217391305,281,401,167,2730,10600,00.2,00.1
/campaign/v2/startStage (POST),1.0 [0.5],189.94984110538846,55.7,50.7,39.5,736,10600,00.2,00.0
/{a:crate|crate\/v1}/playerraid/end (POST),0.97 [0.5]*,31.990972532905516,315,498,157,3030,10100,00.2,00.1
/recipe/store/purchaseConversionProduct (POST),0.98 [0.5]*,64.1659574468085,153,347,21.1,2840,9820,00.2,00.1
/{a:crate|crate\/v1}/quest/getQuests (POST),1.0 [0.5],126.96646271586731,74.6,13.2,53.6,135,9470,00.2,00.0
/recipe/processInstantOpenCrateRecipe (POST),1.0 [0.5]*,41.92876192101726,218,62.5,145,375,9150,00.2,00.0
/playerraid/startRaid (POST),1.0 [0.5],242.89422316156038,35.0,6.31,27.2,72.3,8500,00.1,00.1
/recipe/recipe/processOpenGachaRecipe (POST),0.94 [0.5]*,26.954495346717263,310,446,178,2500,8350,00.1,00.1
/battlelog/mission/v1/action/draw (POST),1.0 [0.5],120.62608695652175,68.7,13.7,49.0,121,8290,00.1,00.0
/recipe/campaign/v2/listCoreCampaigns (POST),0.82 [0.5]*,19.0,435,221,115,768,8270,00.1,00.3
/playermodel/campaign/v2/getUpdatedCampaignInfo (POST),0.99 [0.5]*,66.99404358916493,123,138,22.4,842,8220,00.1,00.1
/{a:crate|crate\/v1}/campaign/v2/getUpdatedCampaignInfo (POST),0.93 [0.5]*,42.984423377919335,191,230,21.8,836,8220,00.1,00.3
/ads/claim (POST),1.0 [0.5],233.07340425531916,35.2,7.41,27.0,84.1,8200,00.1,00.0
/authenticationv2/login (POST),0.86 [0.5]*,21.0,383,578,66.6,2370,8040,00.1,00.3
/leaderboards/getPlayerPosition (POST),1.0 [0.5],159.58678421943182,50.2,17.9,26.3,183,8020,00.1,00.0
/recipe/quest/getQuests (POST),1.0 [0.5]*,96.97439001305158,78.3,16.3,54.4,147,7590,00.1,00.0
/leaderboards/claimPromotionRewards (POST),0.99 [0.5]*,47.98655534461832,154,90.1,70.1,610,7410,00.1,00.0
/playermodel/{a:crate|crate\/v1}/listSharedCrates (POST),1.0 [0.5],184.08505345455623,40.2,10.2,23.9,90.5,7400,00.1,00.0
/playermodel/recipe/processOpenGachaRecipe (POST),1.0 [0.5]*,33.026595744680854,214,34.5,167,296,7060,00.1,00.0
/authenticationv2/sociallogin (POST),0.63 [0.5]*,8.0,877,416,372,1330,7010,00.1,00.3
/store/liveops/events/evaluate (POST),1.0 [0.5]*,52.194871794871794,134,15.0,116,195,6980,00.1,00.0
/{a:crate|crate\/v1}/store/purchaseConversionProduct (POST),0.99 [0.5]*,66.9968085106383,103,127,21.1,952,6900,00.1,00.0
/campaign/v2/getPlayerCampaignStatus (POST),1.0 [0.5],412.7438308452803,16.4,5.57,11.1,62.8,6760,00.1,00.0
/battlelog/inbox/claimPlayerInboxMessage (POST),0.75 [0.5]*,4.0,1600,2850,165,5870,6400,00.1,00.1
/inbox/readPlayerInboxMessage (POST),1.0 [0.5],180.2308510638298,34.8,5.81,26.9,73.4,6280,00.1,00.0
/playermodel/mission/v1/action/draw (POST),1.0 [0.5]*,89.84536750880682,69.5,13.7,49.2,133,6250,00.1,00.0
/battlelog/campaign/v2/listCoreCampaigns (POST),0.83 [0.5]*,15.0,409,176,121,721,6130,00.1,00.2
/tutorial/completeStep (POST),1.0 [0.5],165.0,36.9,33.6,11.5,138,6090,00.1,00.0
/tutorial/playermodel/listPlayerModelsByModelIds (POST),1.0 [0.5]*,31.0,186,31.2,154,275,5780,00.1,00.0
/localcache/refresh (GET),0.5 [0.5]*,6.9794734693471145,799,58.7,707,881,5570,00.1,00.3
/playermodel/battlelog/listDefenseLogs (POST),1.0 [0.5],266.9297863472626,20.4,10.9,14.4,178,5440,00.1,00.0
/tutorial/quest/getQuests (POST),1.0 [0.5]*,69.0,76.6,15.7,56.2,137,5290,00.1,00.0
/{a:crate|crate\/v1}/recipe/processInstantOpenCrateRecipe (POST),0.96 [0.5]*,25.993134099311415,201,60.7,25.9,357,5220,00.1,00.1
/goal/v1/claimAchievement (POST),1.0 [0.5]*,48.20652173913044,108,30.2,66.1,184,5210,00.1,00.0
/battlelog/{a:crate|crate\/v1}/listSharedCrates (POST),1.0 [0.5],129.96546054280586,39.4,13.2,23.9,122,5120,00.1,00.0
/{a:crate|crate\/v1}/recipe/processOpenGachaRecipe (POST),1.0 [0.5]*,22.961063435616786,219,35.2,175,340,5040,00.1,00.0
/sharedmodel/campaign/v2/listCoreCampaigns (POST),0.75 [0.5]*,12.0,413,266,131,775,4950,00.1,00.3
/recipe/processUpgradeCharacterEvolutionRecipe (POST),1.0 [0.5]*,62.870930232558145,78.3,18.5,58.3,141,4920,00.1,00.0
/store/store/purchaseConversionProduct (POST),1.0 [0.5]*,50.0,97.5,77.1,21.6,280,4870,00.1,00.0
/store/playerraid/end (POST),0.89 [0.5]*,8.48793103448276,546,990,147,3170,4640,00.1,00.1
/tutorial/recipe/processOpenGachaRecipe (POST),1.0 [0.5]*,20.0,230,54.6,171,350,4600,00.1,00.0
/{a:crate|crate\/v1}/campaign/v2/listCoreCampaigns (POST),0.67 [0.5]*,8.895833333333332,515,51.6,408,569,4580,00.1,00.3
/model/liveops/events/evaluate (POST),0.5 [0.5]*,4.933592464105746,925,1080,22.7,2790,4560,00.1,00.2
/recipe/campaign/v2/getUpdatedCampaignInfo (POST),0.97 [0.5]*,38.98970525246287,116,146,21.1,669,4540,00.1,00.1
/recipe/playermodel/listPlayerModelsByModelIds (POST),1.0 [0.5]*,23.0,197,22.7,160,238,4530,00.1,00.0
/sharedmodel/liveops/events/evaluate (POST),0.0 [0.5]*,2.0,2250,251,2070,2430,4500,00.1,00.2
/infobutton/getGachaRewardInfo (POST),1.0 [0.5]*,83.98191489361702,48.6,40.1,15.7,200,4080,00.1,00.0
/tutorial/store/purchaseConversionProduct (POST),1.0 [0.5]*,32.0,122,64.5,23.1,297,3890,00.1,00.0
/playermodel/playerraid/end (POST),0.97 [0.5]*,14.663793103448276,264,164,168,842,3860,00.1,00.0
/campaign/v2/getUpdatedStageInfo (POST),1.0 [0.5],220.8063829787234,17.2,6.65,12.7,73.1,3790,00.1,00.0
/{a:crate|crate\/v1}/{a:crate|crate\/v1}/assignSharedCrate (POST),0.92 [0.5]*,50.889130434782615,72.9,17.0,39.4,119,3710,00.1,00.4
/recipe/mission/v1/action/draw (POST),1.0 [0.5]*,52.976003007099145,69.2,16.6,49.0,118,3660,00.1,00.0
/{a:crate|crate\/v1}/battlelog/listDefenseLogs (POST),1.0 [0.5],180.55041513691108,20.2,5.44,14.3,60.2,3640,00.1,00.0
/reward/periodic/executeScheduledPeriodicReward (POST),0.73 [0.5],101.47135897866622,35.6,22.8,20.4,238,3610,00.1,02.6
/leaderboards/getCurrentLeague (POST),1.0 [0.5],170.10391686650678,19.7,13.3,12.9,140,3360,00.1,00.0
/model/{a:authentication|authentication\/v1}/register (POST),0.25 [0.5]*,2.0,1580,852,978,2180,3160,00.1,00.1
/store/quest/getQuests (POST),1.0 [0.5]*,40.075,78.7,18.1,57.4,141,3150,00.1,00.0
/recipe/recipe/processUpgradePlayerLevelRecipe (POST),1.0 [0.5]*,15.0,209,51.3,141,309,3140,00.1,00.0
/battlelog/campaign/v2/finishStage (POST),0.94 [0.5]*,8.999194819316077,342,135,211,582,3070,00.1,00.0
/battlelog/battlelog/listDefenseLogs (POST),1.0 [0.5],163.92964222114296,18.6,4.8,13.9,54.7,3060,00.1,00.0
/playermodel/reward/periodic/executeScheduledPeriodicReward (POST),0.06 [0.5]*,92.783862399778,32.8,25.4,19.5,258,3040,00.1,08.1
/sharedmodel/model/listModels (POST),0.5 [0.5]*,3.0,1010,69.8,936,1080,3020,00.1,00.1
/tutorial/startStep (POST),1.0 [0.5],137.0,22.0,8.69,15.3,80.2,3010,00.1,00.0
/playermodel/campaign/v2/finishStage (POST),0.95 [0.5]*,9.997307360696713,299,120,165,517,2990,00.1,00.0
/battlelog/playerraid/end (POST),1.0 [0.5]*,11.0,250,67.8,170,386,2750,00.0,00.0
/playermodel/model/listModels (POST),0.0 [0.5]*,9.0,301,22.6,285,358,2710,00.0,00.8
/store/campaign/v2/finishStage (POST),1.0 [0.5]*,10.232894736842105,265,61.4,194,408,2710,00.0,00.0
/recipe/processUnlockCharacterRecipe (POST),1.0 [0.5]*,34.987317886907,73.9,17.4,55.6,131,2590,00.0,00.0
/sharedmodel/listSharedModels (POST),1.0 [0.5]*,56.69751591028683,43.6,22.8,16.9,146,2470,00.0,00.0
/battlelog/campaign/v2/startStage (POST),1.0 [0.5]*,42.9886493809206,56.7,13.5,40.0,97.5,2440,00.0,00.0
/{a:crate|crate\/v1}/mission/v1/action/draw (POST),1.0 [0.5]*,36.12916666666667,67.3,9.85,50.8,98.5,2430,00.0,00.0
/goal/v1/claimRepeatableGoal (POST),1.0 [0.5]*,18.0,129,58.4,74.6,267,2310,00.0,00.0
/{a:authentication|authentication\/v1}/login/internal (POST),1.0 [0.5]*,28.846104585935407,78.1,21.3,47.8,121,2250,00.0,00.0
/tutorial/recipe/processUpgradePlayerLevelRecipe (POST),1.0 [0.5]*,11.0,196,43.9,130,296,2160,00.0,00.0
/playerraid/getStolenCrateHistory (POST),0.95 [0.5]*,9.937549170048527,211,517,14.9,1670,2100,00.0,00.0
/tutorial/campaign/v2/getUpdatedCampaignInfo (POST),0.97 [0.5]*,19.0,108,175,20.9,787,2060,00.0,00.0
/playermodel/{a:matchmaking|matchmaking\/v1}/search (POST),1.0 [0.5]*,28.66216216216216,71.7,16.0,59.2,136,2050,00.0,00.0
/battlelog/tutorial/completeStep (POST),1.0 [0.5]*,42.0,45.9,36.0,11.2,113,1930,00.0,00.0
/reward/periodic/reward/periodic/executeScheduledPeriodicReward (POST),0.3 [0.5]*,60.857823697210044,31.5,5.2,23.9,48.8,1920,00.0,04.0
/store/campaign/v2/getUpdatedCampaignInfo (POST),1.0 [0.5]*,17.21842105263158,111,81.8,23.8,231,1910,00.0,00.0
/leaderboards/getRewardsByLeague (POST),1.0 [0.5],128.941978846366,14.8,8.13,10.6,90.1,1900,00.0,00.0
/recipe/battlelog/listDefenseLogs (POST),1.0 [0.5]*,97.9741362998078,19.2,5.03,13.6,44.4,1880,00.0,00.0
/{a:crate|crate\/v1}/tutorial/completeStep (POST),1.0 [0.5]*,30.0,60.7,50.4,11.8,231,1820,00.0,00.0
/store/campaign/v2/listCoreCampaigns (POST),0.75 [0.5]*,4.0,453,127,272,551,1810,00.0,00.1
/infobutton/getRewardInfo (POST),1.0 [0.5]*,68.88404255319149,26.3,22.9,14.6,152,1810,00.0,00.0
/tutorial/mission/v1/action/draw (POST),1.0 [0.5]*,29.0,62.3,8.61,50.9,84.5,1810,00.0,00.0
/playermodel/recipe/processUpgradePlayerLevelRecipe (POST),1.0 [0.5]*,9.0,199,38.9,148,272,1790,00.0,00.0
/playermodel/campaign/v2/startStage (POST),1.0 [0.5]*,31.988349167748627,54.3,10.9,40.0,94.5,1740,00.0,00.0
/battlelog/{a:matchmaking|matchmaking\/v1}/search (POST),1.0 [0.5]*,25.98912740451631,65.4,17.8,23.1,126,1700,00.0,00.0
/recipe/{a:crate|crate\/v1}/listSharedCrates (POST),1.0 [0.5]*,46.97964475702001,34.7,8.82,23.9,63.1,1630,00.0,00.0
/recipe/processUpgradeCharacterQualityRecipe (POST),1.0 [0.5]*,17.99345000652253,88.8,21.4,62.7,150,1600,00.0,00.0
/store/mission/v1/action/draw (POST),1.0 [0.5]*,21.613513513513514,72.2,15.4,50.2,118,1560,00.0,00.0
/tutorial/tutorial/startStep (POST),1.0 [0.5]*,68.0,22.4,5.51,15.9,55.1,1530,00.0,00.0
/playermodel/inbox/getPlayerInbox (POST),1.0 [0.5]*,39.98931347150259,37.4,17.2,16.0,85.4,1500,00.0,00.0
/infobutton/getProductRewardInfo (POST),1.0 [0.5]*,80.91357159793925,18.3,7.32,12.2,60.9,1480,00.0,00.0
/tutorial/campaign/v2/finishStage (POST),1.0 [0.5]*,4.0,369,73.0,263,417,1480,00.0,00.0
/recipe/recipe/processUpgradeCharacterLevelRecipe (POST),1.0 [0.5]*,6.0,245,53.3,173,319,1470,00.0,00.0
/battlelog/ads/claim (POST),1.0 [0.5]*,39.470454545454544,34.7,4.27,27.6,47.0,1370,00.0,00.0
/battlelog/inbox/getPlayerInbox (POST),1.0 [0.5]*,41.98891224434903,32.6,15.7,12.9,71.8,1370,00.0,00.0
/socialintegrationv2/bind (POST),0.0 [0.5]*,9.0,151,32.5,103,203,1360,00.0,00.8
/playermodel/playermodel/listPlayerModels (POST),0.5 [0.5]*,1.0,1300,0,1300,1300,1300,00.0,00.0
/recipe/{a:matchmaking|matchmaking\/v1}/search (POST),1.0 [0.5]*,18.0,71.3,19.9,30.4,136,1280,00.0,00.0
/{a:crate|crate\/v1}/{a:matchmaking|matchmaking\/v1}/search (POST),1.0 [0.5]*,20.08815789473684,63.9,10.4,25.0,75.9,1280,00.0,00.0
/leaderboards/getMyLeagueRewards (POST),1.0 [0.5]*,64.01216216216217,19.2,8.3,14.1,60.1,1230,00.0,00.0
/tutorial/playerraid/end (POST),1.0 [0.5]*,5.0,244,35.0,193,288,1220,00.0,00.0
/{a:crate|crate\/v1}/inbox/getPlayerInbox (POST),1.0 [0.5]*,36.0,33.9,20.4,11.6,99.7,1220,00.0,00.0
/leaderboards/getTopPlayers (POST),0.98 [0.5]*,53.975616890400964,22.2,14.5,9.22,66.5,1200,00.0,00.1
/battlelog/recipe/processUpgradeCharacterEvolutionRecipe (POST),1.0 [0.5]*,14.999028119735648,79.5,16.7,60.9,115,1190,00.0,00.0
/store/quest/claimQuest (POST),1.0 [0.5]*,5.0,230,27.2,189,260,1150,00.0,00.0
/notification/liveops/events/evaluate (POST),0.5 [0.5]*,2.0,569,40.2,541,598,1140,00.0,00.1
/{a:crate|crate\/v1}/assignSharedCrate (POST),1.0 [0.5]*,15.712857142857143,72.3,14.8,58.4,121,1140,00.0,00.0
/{a:crate|crate\/v1}/inbox/claimPlayerInboxMessage (POST),1.0 [0.5]*,5.0,227,163,72.0,480,1130,00.0,00.0
/reward/periodic/campaign/v2/getUpdatedCampaignInfo (POST),0.96 [0.5]*,12.932617525273987,86.9,180,25.9,686,1120,00.0,00.0
/tutorial/goal/v1/claimRepeatableGoal (POST),1.0 [0.5]*,9.0,124,34.8,78.0,184,1110,00.0,00.0
/tutorial/{a:crate|crate\/v1}/listSharedCrates (POST),1.0 [0.5]*,34.0,32.5,8.67,23.4,57.0,1100,00.0,00.0
/playermodel/ads/claim (POST),1.0 [0.5]*,32.75333333333334,33.6,6.98,27.5,63.8,1100,00.0,00.0
/tutorial/goal/v1/claimAchievement (POST),1.0 [0.5]*,10.0,110,37.2,72.2,183,1100,00.0,00.0
/tutorial/campaign/v2/listCoreCampaigns (POST),1.0 [0.5]*,4.0,274,107,130,389,1090,00.0,00.0
/recipe/inbox/getPlayerInbox (POST),1.0 [0.5]*,23.989150121265023,44.0,18.3,16.0,84.0,1060,00.0,00.0
/recipe/tutorial/completeStep (POST),1.0 [0.5]*,21.0,46.9,41.9,11.7,127,984,00.0,00.0
/store/{a:crate|crate\/v1}/listSharedCrates (POST),1.0 [0.5]*,24.84054054054054,39.3,10.4,26.3,74.0,975,00.0,00.0
/playermodel/socialintegrationv2/bind (POST),0.67 [0.5]*,3.0,323,153,149,432,969,00.0,00.1
/battlelog/goal/v1/claimRepeatableGoal (POST),1.0 [0.5]*,6.0,160,89.9,84.7,287,960,00.0,00.0
/{a:social\/integration|social\/v1\/integration}/googleplay/find (POST),0.75 [0.5]*,2.0,476,160,363,590,953,00.0,00.0
/bundle/getBundleConfig (POST),0.99 [0.5]*,40.0,23.6,123,0.74,784,944,00.0,00.0
/{a:crate|crate\/v1}/playerraid/startRaid (POST),1.0 [0.5]*,27.85135135135135,33.8,4.72,28.3,45.5,943,00.0,00.0
/goal/v1/checkGoalsReset (POST),1.0 [0.5]*,4.0,234,44.1,190,280,934,00.0,00.0
/playermodel/recipe/processUpgradeCharacterEvolutionRecipe (POST),1.0 [0.5]*,12.7359375,73.3,11.2,64.1,101,933,00.0,00.0
/reward/periodic/quest/getQuests (POST),1.0 [0.5]*,11.0,84.3,25.7,60.1,135,927,00.0,00.0
/battlelog/leaderboards/claimPromotionRewards (POST),1.0 [0.5]*,6.0,150,43.7,70.7,196,899,00.0,00.0
/playermodel/leaderboards/getPlayerPosition (POST),1.0 [0.5]*,15.998966521250907,56.1,27.0,26.9,124,898,00.0,00.0
/{a:crate|crate\/v1}/recipe/processUpgradeCharacterEvolutionRecipe (POST),1.0 [0.5]*,10.988375568412287,80.6,16.1,62.2,119,885,00.0,00.0
/{a:crate|crate\/v1}/ads/claim (POST),1.0 [0.5]*,25.0,35.3,4.21,27.8,43.5,881,00.0,00.0
/battlelog/goal/v1/claimAchievement (POST),1.0 [0.5]*,7.881818181818182,111,20.9,64.8,131,875,00.0,00.0
/battlelog/leaderboards/getPlayerPosition (POST),1.0 [0.5]*,17.99521665446596,46.6,18.5,25.9,102,838,00.0,00.0
/notification/campaign/v2/getUpdatedCampaignInfo (POST),1.0 [0.5]*,16.0,52.3,11.7,28.6,76.5,837,00.0,00.0
/battlelog/recipe/processInstantOpenCrateRecipe (POST),1.0 [0.5]*,4.0,207,54.2,143,265,827,00.0,00.0
/playermodel/tutorial/completeStep (POST),1.0 [0.5]*,19.0,41.2,35.9,11.5,110,783,00.0,00.0
/battlelog/{a:authentication|authentication\/v1}/register (POST),0.5 [0.5]*,1.0,753,0,753,753,753,00.0,00.0
/tutorial/battlelog/listDefenseLogs (POST),1.0 [0.5]*,42.0,17.6,3.29,13.8,27.4,741,00.0,00.0
/{a:crate|crate\/v1}/recipe/processUpgradePlayerLevelRecipe (POST),1.0 [0.5]*,4.0,173,49.5,134,244,694,00.0,00.0
/recipe/goal/v1/claimAchievement (POST),1.0 [0.5]*,6.0,114,24.5,87.5,144,686,00.0,00.0
/battlelog/localcache/refresh (GET),0.5 [0.5]*,1.0,676,0,676,676,676,00.0,00.0
/battlelog/recipe/processUpgradePlayerLevelRecipe (POST),1.0 [0.5]*,4.0,167,37.9,133,221,669,00.0,00.0
/playermodel/goal/v1/claimAchievement (POST),1.0 [0.5]*,6.0,110,42.2,69.9,164,660,00.0,00.0
/store/recipe/processOpenGachaRecipe (POST),1.0 [0.5]*,3.0,219,32.1,200,256,657,00.0,00.0
/store/recipe/processInstantOpenCrateRecipe (POST),1.0 [0.5]*,4.0,164,21.1,150,194,656,00.0,00.0
/leaderboards/getLeaguesInformation (POST),1.0 [0.5]*,34.81804620828419,17.9,5.74,12.9,45.3,623,00.0,00.0
/leaderboards/getPayoutTime (POST),1.0 [0.5]*,48.73360894317767,12.7,3.23,8.61,24.7,621,00.0,00.0
/recipe/campaign/v2/startStage (POST),1.0 [0.5]*,12.093421052631578,51.0,4.41,43.1,61.2,617,00.0,00.0
/store/battlelog/listDefenseLogs (POST),1.0 [0.5]*,33.43918918918919,18.4,3.56,13.8,31.2,615,00.0,00.0
/NettyDispatcher,0.98 [0.5],269.90438046617305,2.24,16.2,0.283,263,605,00.0,00.5
/playermodel/campaign/v2/getPlayerCampaignStatus (POST),1.0 [0.5]*,34.9906971845819,17.2,9.34,12.3,68.3,603,00.0,00.0
/model/model/listModels (POST),0.0 [0.5]*,1.0,603,0,603,603,603,00.0,00.1
/battlelog/campaign/v2/getPlayerCampaignStatus (POST),1.0 [0.5]*,37.74468085106383,15.5,1.86,12.0,20.1,586,00.0,00.0
/playermodel/leaderboards/claimPromotionRewards (POST),1.0 [0.5]*,4.0,146,43.1,82.0,171,586,00.0,00.0
/battlelog/leaderboards/getCurrentLeague (POST),1.0 [0.5]*,27.987320176925113,20.7,13.3,13.8,73.4,578,00.0,00.0
/playermodel/recipe/processUnlockCharacterRecipe (POST),1.0 [0.5]*,7.999482025281151,72.1,14.8,55.5,105,577,00.0,00.0
/recipe/playerraid/end (POST),1.0 [0.5]*,3.0,192,34.4,157,226,576,00.0,00.0
/store/playerraid/startRaid (POST),1.0 [0.5]*,16.0,35.9,12.9,28.4,83.3,575,00.0,00.0
/{a:crate|crate\/v1}/leaderboards/claimPromotionRewards (POST),1.0 [0.5]*,3.0,189,35.6,168,230,567,00.0,00.0
/reward/periodic/campaign/v2/listCoreCampaigns (POST),1.0 [0.5]*,2.0,279,234,113,444,558,00.0,00.0
/{a:crate|crate\/v1}/infobutton/getGachaRewardInfo (POST),1.0 [0.5]*,11.0,50.2,41.3,20.5,127,552,00.0,00.0
/battlelog/recipe/processUnlockCharacterRecipe (POST),1.0 [0.5]*,8.0,68.7,7.95,60.0,80.9,549,00.0,00.0
/tutorial/recipe/processUnlockCharacterRecipe (POST),1.0 [0.5]*,7.0,77.5,12.1,55.7,91.9,543,00.0,00.0
/recipe/campaign/v2/finishStage (POST),1.0 [0.5]*,2.7160714285714285,195,34.8,168,233,530,00.0,00.0
/recipe/infobutton/getGachaRewardInfo (POST),1.0 [0.5]*,9.436170212765958,56.0,47.9,20.2,175,528,00.0,00.0
/{a:crate|crate\/v1}/goal/v1/claimAchievement (POST),1.0 [0.5]*,4.0,132,5.82,124,136,528,00.0,00.0
/battlelog/socialintegrationv2/bind (POST),0.5 [0.5]*,2.0,261,237,93.7,429,523,00.0,00.1
/playermodel/tutorial/startStep (POST),1.0 [0.5]*,26.0,20.0,4.65,16.5,34.8,521,00.0,00.0
/{a:crate|crate\/v1}/campaign/v2/startStage (POST),1.0 [0.5]*,9.9956499019176,51.4,9.2,40.2,65.3,514,00.0,00.0
/recipe/recipe/processUnlockCharacterRecipe (POST),1.0 [0.5]*,5.0,102,26.9,61.5,129,512,00.0,00.0
/battlelog/infobutton/getGachaRewardInfo (POST),1.0 [0.5]*,10.0,50.9,44.8,19.1,159,509,00.0,00.0
/recipe/recipe/processUpgradeCharacterQualityRecipe (POST),1.0 [0.5]*,6.0,84.6,8.83,72.1,96.2,507,00.0,00.0
/tutorial/recipe/processInstantOpenCrateRecipe (POST),1.0 [0.5]*,3.0,169,26.9,139,191,507,00.0,00.0
/recipe/leaderboards/getPlayerPosition (POST),1.0 [0.5]*,9.0,56.3,15.9,38.2,79.4,506,00.0,00.0
/recipe/processAcquireBuildingRecipe (POST),1.0 [0.5]*,3.0,168,3.11,165,171,504,00.0,00.0
/reward/periodic/inbox/getPlayerInbox (POST),1.0 [0.5]*,22.0,22.4,8.92,11.2,48.8,492,00.0,00.0
/recipe/ads/claim (POST),1.0 [0.5]*,14.348684210526317,33.7,3.89,28.8,40.5,484,00.0,00.0
/playermodel/leaderboards/getCurrentLeague (POST),1.0 [0.5]*,23.0,20.6,12.4,13.3,56.9,473,00.0,00.0
/battlelog/playerraid/startRaid (POST),1.0 [0.5]*,13.706451612903226,34.3,4.22,26.5,41.6,470,00.0,00.0
/recipe/recipe/processUpgradeCharacterEvolutionRecipe (POST),1.0 [0.5]*,5.503125000000001,81.5,15.4,60.3,105,449,00.0,00.0
/tutorial/ads/claim (POST),1.0 [0.5]*,12.0,37.0,10.8,27.7,65.5,444,00.0,00.0
/playermodel/quest/claimQuest (POST),1.0 [0.5]*,2.0,219,19.0,206,233,438,00.0,00.0
/battlelog/tutorial/startStep (POST),1.0 [0.5]*,21.0,20.7,5.44,16.1,35.7,435,00.0,00.0
/{a:player|player\/v1}/getPlayer (POST),1.0 [0.5]*,52.718742863950915,8.15,3.71,5.32,24.3,429,00.0,00.0
/recipe/campaign/v2/getPlayerCampaignStatus (POST),1.0 [0.5]*,27.25340909090909,15.5,2.74,11.8,22.5,423,00.0,00.0
/model/campaign/v2/getPlayerCampaignStatus (POST),1.0 [0.5]*,19.89372991385854,20.3,12.1,13.7,69.6,403,00.0,00.0
/store/recipe/processUpgradeCharacterEvolutionRecipe (POST),1.0 [0.5]*,5.0,80.2,8.62,68.1,88.3,401,00.0,00.0
/playermodel/recipe/processInstantOpenCrateRecipe (POST),1.0 [0.5]*,2.0,200,3.24,197,202,399,00.0,00.0
/playermodel/playerraid/getStolenCrateHistory (POST),1.0 [0.5]*,13.915820679231171,28.6,16.1,17.3,66.6,399,00.0,00.0
/store/inbox/getPlayerInbox (POST),1.0 [0.5]*,9.0,44.1,19.1,16.4,71.7,397,00.0,00.0
/playermodel/playerraid/startRaid (POST),1.0 [0.5]*,11.0,35.8,8.23,28.7,57.9,394,00.0,00.0
/tutorial/inbox/claimPlayerInboxMessage (POST),1.0 [0.5]*,3.0,129,67.5,53.7,184,386,00.0,00.0
/battlelog/reward/periodic/executeScheduledPeriodicReward (POST),0.82 [0.5]*,11.0,35.0,8.73,26.4,58.2,385,00.0,00.2
/{a:crate|crate\/v1}/handleDeliveries (POST),1.0 [0.5]*,7.0,53.8,12.2,42.8,78.0,376,00.0,00.0
/{a:crate|crate\/v1}/campaign/v2/getPlayerCampaignStatus (POST),1.0 [0.5]*,25.066216216216215,14.8,1.98,11.7,20.8,371,00.0,00.0
/playermodel/goal/v1/claimRepeatableGoal (POST),1.0 [0.5]*,3.0,119,37.1,76.2,140,357,00.0,00.0
/{a:crate|crate\/v1}/recipe/processUnlockCharacterRecipe (POST),1.0 [0.5]*,5.0,71.4,10.4,58.3,85.8,357,00.0,00.0
/notification/update (POST),1.0 [0.5]*,25.0,14.2,4.01,9.23,25.3,356,00.0,00.0
/{a:crate|crate\/v1}/leaderboards/getPlayerPosition (POST),1.0 [0.5]*,7.0,50.5,21.8,27.7,87.9,353,00.0,00.0
/tutorial/recipe/processUpgradeCharacterEvolutionRecipe (POST),1.0 [0.5]*,5.0,70.4,11.0,60.5,84.0,352,00.0,00.0
/battlelog/infobutton/getRewardInfo (POST),1.0 [0.5]*,13.797777777777778,25.3,14.6,16.1,70.9,349,00.0,00.0
/playermodel/inbox/claimPlayerInboxMessage (POST),1.0 [0.5]*,2.0,173,141,72.9,272,345,00.0,00.0
/socialintegrationv2/unbind (POST),0.8 [0.5]*,5.0,64.6,87.9,19.5,221,323,00.0,00.1
/tutorial/inbox/getPlayerInbox (POST),1.0 [0.5]*,14.0,22.9,7.3,16.3,41.8,320,00.0,00.0
/recipe/tutorial/startStep (POST),1.0 [0.5]*,14.0,22.8,7.21,16.3,39.4,319,00.0,00.0
/recipe/leaderboards/claimPromotionRewards (POST),1.0 [0.5]*,2.0,159,16.2,148,171,318,00.0,00.0
/tutorial/leaderboards/getPlayerPosition (POST),1.0 [0.5]*,5.0,63.3,29.5,35.6,109,317,00.0,00.0
/playermodel/infobutton/getGachaRewardInfo (POST),1.0 [0.5]*,7.8375,40.4,23.2,18.7,73.8,316,00.0,00.0
/battlelog/healthcheck (GET),1.0 [0.5]*,1.0,316,0,316,316,316,00.0,00.0
/battlelog/infobutton/getProductRewardInfo (POST),1.0 [0.5]*,16.0,19.4,8.71,12.5,46.2,310,00.0,00.0
/playermodel/leaderboards/getRewardsByLeague (POST),1.0 [0.5]*,18.991452797999145,16.3,10.1,10.6,55.7,310,00.0,00.0
/store/infobutton/getGachaRewardInfo (POST),1.0 [0.5]*,6.0,51.1,50.8,19.6,151,307,00.0,00.0
/playermodel/infobutton/getRewardInfo (POST),1.0 [0.5]*,13.375675675675677,22.6,12.2,14.3,62.0,302,00.0,00.0
/content/getGameContentVersionConfig (POST),1.0 [0.5]*,62.66567547979071,4.72,9.55,0.716,38.1,296,00.0,00.0
/tutorial/{a:matchmaking|matchmaking\/v1}/search (POST),1.0 [0.5]*,7.0,42.2,15.9,23.4,61.5,296,00.0,00.0
/{a:crate|crate\/v1}/socialintegrationv2/bind (POST),0.0 [0.5]*,2.0,147,69.5,97.4,196,293,00.0,00.2
/store/ads/claim (POST),1.0 [0.5]*,8.45,34.3,4.76,29.9,43.4,290,00.0,00.0
/recipe/leaderboards/getCurrentLeague (POST),1.0 [0.5]*,16.041489361702126,17.3,3.44,13.4,27.4,278,00.0,00.0
/battlelog/{a:crate|crate\/v1}/assignSharedCrate (POST),1.0 [0.5]*,3.0,88.8,18.9,76.9,111,266,00.0,00.0
/battlelog/recipe/processUpgradeCharacterQualityRecipe (POST),1.0 [0.5]*,3.0,88.5,17.7,76.7,109,265,00.0,00.0
/recipe/recipe/processInstantOpenCrateRecipe (POST),1.0 [0.5]*,1.35,195,0,178,212,263,00.0,00.0
/playermodel/healthcheck (GET),1.0 [0.5]*,1.0,263,0,263,263,263,00.0,00.0
/playermodel/recipe/processUpgradeCharacterQualityRecipe (POST),1.0 [0.5]*,3.0,84.7,1.28,83.4,86.0,254,00.0,00.0
/battlelog/leaderboards/getMyLeagueRewards (POST),1.0 [0.5]*,9.411111111111111,26.9,18.4,15.7,63.6,253,00.0,00.0
/tutorial/leaderboards/getCurrentLeague (POST),1.0 [0.5]*,10.0,25.0,21.5,13.4,74.0,250,00.0,00.0
/tutorial/{a:crate|crate\/v1}/assignSharedCrate (POST),1.0 [0.5]*,2.0,123,40.3,94.3,151,246,00.0,00.0
/{a:crate|crate\/v1}/inbox/readPlayerInboxMessage (POST),1.0 [0.5]*,7.0,34.6,4.92,29.4,42.8,242,00.0,00.0
/recipe/recipe/processConsumePotionRecipe (POST),1.0 [0.5]*,3.0,79.7,6.5,74.5,87.0,239,00.0,00.0
/tutorial/inbox/readPlayerInboxMessage (POST),1.0 [0.5]*,8.0,29.6,1.66,27.9,33.3,237,00.0,00.0
/{a:crate|crate\/v1}/quest/claimQuest (POST),1.0 [0.5]*,1.0,235,0,235,235,235,00.0,00.0
/battlelog/leaderboards/getRewardsByLeague (POST),1.0 [0.5]*,15.992803577843846,14.5,2.2,11.4,18.1,232,00.0,00.0
/tutorial/campaign/v2/startStage (POST),1.0 [0.5]*,4.0,57.7,19.2,40.3,85.0,231,00.0,00.0
/store/goal/v1/claimAchievement (POST),1.0 [0.5]*,2.0,115,46.5,82.2,148,230,00.0,00.0
/playermodel/infobutton/getProductRewardInfo (POST),1.0 [0.5]*,14.46195652173913,15.9,2.56,12.4,20.4,230,00.0,00.0
/model/playermodel/listPlayerModelsByModelIds (POST),1.0 [0.5]*,1.0,230,0,230,230,230,00.0,00.0
/reward/periodic/recipe/processUpgradeCharacterLevelRecipe (POST),1.0 [0.5]*,1.0,229,0,229,229,229,00.0,00.0
/recipe/playerraid/startRaid (POST),1.0 [0.5]*,6.8578125000000005,33.0,3.6,28.6,37.9,226,00.0,00.0
/reward/periodic/recipe/processUnlockCharacterRecipe (POST),1.0 [0.5]*,2.0,110,41.9,80.0,139,219,00.0,00.0
/store/tutorial/completeStep (POST),1.0 [0.5]*,13.0,16.8,12.2,11.9,57.4,218,00.0,00.0
/store/inbox/claimPlayerInboxMessage (POST),1.0 [0.5]*,1.0,206,0,206,206,206,00.0,00.0
/store/campaign/v2/startStage (POST),1.0 [0.5]*,3.87,51.7,12.0,42.9,69.2,200,00.0,00.0
/notification/campaign/v2/getPlayerCampaignStatus (POST),1.0 [0.5]*,11.0,18.2,4.13,13.8,26.9,200,00.0,00.0
/playermodel/recipe/processUpgradeCharacterLevelRecipe (POST),1.0 [0.5]*,1.0,198,0,198,198,198,00.0,00.0
/playermodel/authenticationv2/login (POST),1.0 [0.5]*,2.0,95.9,12.0,87.4,104,192,00.0,00.0
/playermodel/leaderboards/getTopPlayers (POST),1.0 [0.5]*,13.0,14.7,3.81,9.5,21.8,191,00.0,00.0
/reward/periodic/battlelog/listDefenseLogs (POST),1.0 [0.5]*,9.0,21.2,2.81,16.4,24.8,191,00.0,00.0
/battlelog/leaderboards/getPayoutTime (POST),1.0 [0.5]*,13.930235774044112,13.6,4.13,10.1,25.8,190,00.0,00.0
/tutorial/quest/claimQuest (POST),1.0 [0.5]*,1.0,187,0,187,187,187,00.0,00.0
/reward/periodic/recipe/processUpgradePlayerLevelRecipe (POST),1.0 [0.5]*,1.0,183,0,183,183,183,00.0,00.0
/{a:crate|crate\/v1}/tutorial/startStep (POST),1.0 [0.5]*,7.0,26.2,17.0,16.1,64.0,183,00.0,00.0
/reward/periodic/socialintegrationv2/unbind (POST),0.5 [0.5]*,2.0,91.6,59.3,49.7,134,183,00.0,00.1
/store/{a:matchmaking|matchmaking\/v1}/search (POST),1.0 [0.5]*,3.0,60.4,3.23,57.9,64.1,181,00.0,00.0
/store/inbox/readPlayerInboxMessage (POST),1.0 [0.5]*,4.558333333333334,38.5,3.9,35.1,44.7,176,00.0,00.0
/playermodel/inbox/readPlayerInboxMessage (POST),1.0 [0.5]*,5.0,34.4,1.35,33.1,36.5,172,00.0,00.0
/reward/periodic/tutorial/completeStep (POST),1.0 [0.5]*,2.0,85.9,6.1,81.6,90.2,172,00.0,00.0
/battlelog/quest/claimQuest (POST),1.0 [0.5]*,1.0,171,0,171,171,171,00.0,00.0
/{a:crate|crate\/v1}/goal/v1/claimRepeatableGoal (POST),1.0 [0.5]*,2.0,84.7,1.43,83.7,85.7,169,00.0,00.0
/battlelog/inbox/readPlayerInboxMessage (POST),1.0 [0.5]*,5.0,33.6,6.51,28.3,42.8,168,00.0,00.0
/{a:crate|crate\/v1}/leaderboards/getTopPlayers (POST),1.0 [0.5]*,7.9977492902591445,20.9,11.0,10.9,38.2,167,00.0,00.0
/sharedmodel/playermodel/listPlayerModelsByModelIds (POST),1.0 [0.5]*,1.0,164,0,164,164,164,00.0,00.0
/{a:crate|crate\/v1}/reward/periodic/executeScheduledPeriodicReward (POST),1.0 [0.5]*,5.0,32.5,9.41,23.6,46.7,163,00.0,00.0
/{a:crate|crate\/v1}/infobutton/getRewardInfo (POST),1.0 [0.5]*,6.4847222222222225,24.8,20.2,15.7,70.1,161,00.0,00.0
/{a:crate|crate\/v1}/recipe/processUpgradeCharacterQualityRecipe (POST),1.0 [0.5]*,2.0,79.3,3.31,76.9,81.6,159,00.0,00.0
/recipe/recipe/processAcquireBuildingRecipe (POST),1.0 [0.5]*,1.0,156,0,156,156,156,00.0,00.0
/recipe/{a:crate|crate\/v1}/handleDeliveries (POST),1.0 [0.5]*,3.0,51.6,2.29,49.0,53.3,155,00.0,00.0
/store/recipe/processUpgradeCharacterQualityRecipe (POST),1.0 [0.5]*,2.0,76.8,2.45,75.1,78.5,154,00.0,00.0
/reward/periodic/{a:crate|crate\/v1}/listSharedCrates (POST),1.0 [0.5]*,4.0,37.7,6.29,29.9,43.2,151,00.0,00.0
/{a:crate|crate\/v1}/leaderboards/getCurrentLeague (POST),1.0 [0.5]*,9.436170212765958,16.0,2.38,13.0,21.6,151,00.0,00.0
/tutorial/reward/periodic/executeScheduledPeriodicReward (POST),1.0 [0.5]*,4.0,37.5,6.87,31.6,46.4,150,00.0,00.0
/{a:crate|crate\/v1}/leaderboards/getRewardsByLeague (POST),1.0 [0.5]*,10.996918410024081,13.5,1.47,11.4,16.3,149,00.0,00.0
/store/campaign/v2/getPlayerCampaignStatus (POST),1.0 [0.5]*,9.814285714285715,15.0,2.66,12.3,19.9,147,00.0,00.0
/recipe/infobutton/getRewardInfo (POST),1.0 [0.5]*,6.0,24.5,17.0,14.3,58.6,147,00.0,00.0
/battlelog/leaderboards/getTopPlayers (POST),1.0 [0.5]*,8.63780487804878,16.5,6.87,10.3,31.2,142,00.0,00.0
/recipe/processConsumePotionRecipe (POST),1.0 [0.5]*,2.0,69.6,8.28,63.7,75.4,139,00.0,00.0
/reward/periodic/campaign/v2/startStage (POST),1.0 [0.5]*,2.0,69.5,21.1,54.6,84.4,139,00.0,00.0
/tutorial/playerraid/startRaid (POST),1.0 [0.5]*,4.0,34.6,8.24,28.4,46.7,138,00.0,00.0
/{a:crate|crate\/v1}/campaign/v2/getUpdatedStageInfo (POST),1.0 [0.5]*,8.0,16.7,1.9,14.7,19.4,134,00.0,00.0
/battlelog/recipe/processConsumePotionRecipe (POST),1.0 [0.5]*,2.0,63.1,4.99,59.6,66.6,126,00.0,00.0
/tutorial/campaign/v2/getPlayerCampaignStatus (POST),1.0 [0.5]*,9.0,13.4,1.9,11.3,16.2,121,00.0,00.0
/recipe/leaderboards/getRewardsByLeague (POST),1.0 [0.5]*,8.860714285714286,13.5,1.72,12.0,17.7,120,00.0,00.0
/{a:crate|crate\/v1}/authenticationv2/login (POST),1.0 [0.5]*,1.0,119,0,119,119,119,00.0,00.0
/playermodel/leaderboards/getMyLeagueRewards (POST),1.0 [0.5]*,7.0,16.7,1.44,14.7,18.5,117,00.0,00.0
/recipe/inbox/claimPlayerInboxMessage (POST),1.0 [0.5]*,1.0,113,0,113,113,113,00.0,00.0
/store/campaign/v2/getUpdatedStageInfo (POST),1.0 [0.5]*,6.0,18.8,5.27,13.1,27.1,113,00.0,00.0
/reward/periodic/mission/v1/action/draw (POST),1.0 [0.5]*,1.0,112,0,112,112,112,00.0,00.0
/sharedmodel/campaign/v2/getPlayerCampaignStatus (POST),1.0 [0.5]*,5.0,22.2,4.24,15.7,25.8,111,00.0,00.0
/{a:crate|crate\/v1}/infobutton/getProductRewardInfo (POST),1.0 [0.5]*,6.0,18.2,1.69,16.1,19.9,109,00.0,00.0
/recipe/leaderboards/getPayoutTime (POST),1.0 [0.5]*,3.9983305151858906,27.3,32.5,8.88,75.9,109,00.0,00.0
/battlelog/campaign/v2/getUpdatedStageInfo (POST),1.0 [0.5]*,6.67,16.2,1.83,13.3,18.8,108,00.0,00.0
/store/leaderboards/getPlayerPosition (POST),1.0 [0.5]*,2.0,53.3,21.5,38.1,68.5,107,00.0,00.0
/store/goal/v1/claimRepeatableGoal (POST),1.0 [0.5]*,1.0,105,0,105,105,105,00.0,00.0
/recipe/leaderboards/getTopPlayers (POST),1.0 [0.5]*,8.867045454545455,11.7,1.14,9.96,13.9,104,00.0,00.0
/playermodel/campaign/v2/getUpdatedStageInfo (POST),1.0 [0.5]*,6.258,16.1,1.89,13.8,19.4,101,00.0,00.0
/tutorial/infobutton/getProductRewardInfo (POST),1.0 [0.5]*,5.0,20.1,6.18,14.0,28.5,100,00.0,00.0
/model/quest/getQuests (POST),1.0 [0.5]*,1.0,96.3,0,96.3,96.3,96.3,00.0,00.0
/store/leaderboards/getCurrentLeague (POST),1.0 [0.5]*,5.717142857142857,16.1,1.46,14.6,18.0,91.9,00.0,00.0
/playermodel/{a:authentication|authentication\/v1}/login/internal (POST),1.0 [0.5]*,1.3932515337423312,65.4,0,61.8,69.1,91.2,00.0,00.0
/tutorial/infobutton/getGachaRewardInfo (POST),1.0 [0.5]*,2.0,43.2,30.7,21.5,64.9,86.4,00.0,00.0
/{a:crate|crate\/v1}/leaderboards/getMyLeagueRewards (POST),1.0 [0.5]*,4.777027027027027,17.9,2.28,14.6,20.4,85.4,00.0,00.0
/store/infobutton/getRewardInfo (POST),1.0 [0.5]*,4.0,20.2,3.21,18.1,24.9,80.9,00.0,00.0
/store/tutorial/startStep (POST),1.0 [0.5]*,4.0,20.2,3.16,17.5,24.7,80.8,00.0,00.0
/recipe/{a:crate|crate\/v1}/assignSharedCrate (POST),1.0 [0.5]*,1.0,77.4,0,77.4,77.4,77.4,00.0,00.0
/tutorial/recipe/processConsumePotionRecipe (POST),1.0 [0.5]*,1.0,77.2,0,77.2,77.2,77.2,00.0,00.0
/recipe/leaderboards/getMyLeagueRewards (POST),1.0 [0.5]*,3.721052631578947,20.6,5.41,15.8,28.3,76.8,00.0,00.0
/reward/periodic/{a:crate|crate\/v1}/handleDeliveries (POST),1.0 [0.5]*,1.0,73.6,0,73.6,73.6,73.6,00.0,00.0
/battlelog/leaderboards/getLeaguesInformation (POST),1.0 [0.5]*,5.0,14.7,0.487,14.0,15.4,73.3,00.0,00.0
/tutorial/infobutton/getRewardInfo (POST),1.0 [0.5]*,4.0,17.2,1.29,16.1,18.9,68.6,00.0,00.0
/{a:crate|crate\/v1}/discardSharedCrate (POST),1.0 [0.5]*,2.0,33.8,5.93,29.6,38.0,67.5,00.0,00.0
/recipe/leaderboards/getLeaguesInformation (POST),1.0 [0.5]*,4.0,16.8,6.76,12.0,26.5,67.1,00.0,00.0
/recipe/inbox/readPlayerInboxMessage (POST),1.0 [0.5]*,2.0,32.6,6.74,27.9,37.4,65.2,00.0,00.0
/tutorial/sharedmodel/listSharedModels (POST),1.0 [0.5]*,1.0,64.7,0,64.7,64.7,64.7,00.0,00.0
/battlelog/{a:crate|crate\/v1}/handleDeliveries (POST),1.0 [0.5]*,1.0,63.4,0,63.4,63.4,63.4,00.0,00.0
/store/recipe/processUnlockCharacterRecipe (POST),1.0 [0.5]*,1.0,63.1,0,63.1,63.1,63.1,00.0,00.0
/playermodel/leaderboards/getPayoutTime (POST),1.0 [0.5]*,5.57027027027027,11.3,1.27,9.35,13.3,62.8,00.0,00.0
/store/infobutton/getProductRewardInfo (POST),1.0 [0.5]*,2.7055555555555557,23.1,7.26,18.8,31.2,62.4,00.0,00.0
/reward/periodic/leaderboards/getPlayerPosition (POST),1.0 [0.5]*,1.0,62.2,0,62.2,62.2,62.2,00.0,00.0
/playermodel/updatePlayerItemClientData (POST),1.0 [0.5]*,3.0,20.6,4.42,17.7,25.7,61.7,00.0,00.0
/playermodel/version (GET),1.0 [0.5]*,54.88306687415131,1.11,0.379,0.538,1.9,60.9,00.0,00.0
/playermodel/{a:crate|crate\/v1}/assignSharedCrate (POST),1.0 [0.5]*,1.0,59.9,0,59.9,59.9,59.9,00.0,00.0
/{a:crate|crate\/v1}/sharedmodel/listSharedModels (POST),1.0 [0.5]*,1.0,53.8,0,53.8,53.8,53.8,00.0,00.0
/tutorial/leaderboards/getRewardsByLeague (POST),1.0 [0.5]*,4.0,13.0,1.61,11.1,15.0,51.9,00.0,00.0
/model/notification/update (POST),1.0 [0.5]*,3.0,17.0,1.59,15.2,18.0,51.0,00.0,00.0
/sharedmodel/inbox/getPlayerInbox (POST),1.0 [0.5]*,1.0,48.2,0,48.2,48.2,48.2,00.0,00.0
/battlelog/battlelog/claim (POST),1.0 [0.5]*,1.0,48.0,0,48.0,48.0,48.0,00.0,00.0
/reward/periodic/tutorial/startStep (POST),1.0 [0.5]*,2.0,24.0,4.22,21.0,26.9,47.9,00.0,00.0
/{a:player|player\/v1}/changePlayerName (POST),1.0 [0.5]*,3.0,15.8,1.09,14.6,16.8,47.4,00.0,00.0
/battlelog/version (GET),1.0 [0.5]*,39.77659269226584,1.18,0.948,0.562,6.77,46.9,00.0,00.0
/sharedmodel/playerraid/getStolenCrateHistory (POST),1.0 [0.5]*,2.0,22.7,7.08,17.7,27.7,45.5,00.0,00.0
/battlelog/socialintegrationv2/unbind (POST),0.0 [0.5]*,1.0,41.4,0,41.4,41.4,41.4,00.0,00.1
/recipe/campaign/v2/getUpdatedStageInfo (POST),1.0 [0.5]*,2.759090909090909,14.9,1.72,13.9,16.9,41.2,00.0,00.0
/tutorial/{a:crate|crate\/v1}/handleDeliveries (POST),1.0 [0.5]*,1.0,41.1,0,41.1,41.1,41.1,00.0,00.0
/{a:crate|crate\/v1}/alliance/listRecommended (POST),1.0 [0.5]*,1.0,40.4,0,40.4,40.4,40.4,00.0,00.0
/battlelog{a:player|player\/v1}/getPlayer (POST),1.0 [0.5]*,5.0,7.82,1.82,6.25,10.2,39.1,00.0,00.0
/store/leaderboards/getRewardsByLeague (POST),1.0 [0.5]*,3.0,12.5,0.905,11.7,13.5,37.5,00.0,00.0
/recipe/infobutton/getProductRewardInfo (POST),1.0 [0.5]*,1.7055555555555555,21.9,0,21.1,22.7,37.3,00.0,00.0
/model/playerraid/getStolenCrateHistory (POST),1.0 [0.5]*,2.0,18.3,3.13,16.0,20.5,36.5,00.0,00.0
/store/leaderboards/getMyLeagueRewards (POST),1.0 [0.5]*,1.8862068965517242,17.3,0,16.8,17.9,32.7,00.0,00.0
/{a:crate|crate\/v1}/version (GET),1.0 [0.5]*,28.0,1.09,0.419,0.524,2.18,30.6,00.0,00.0
/tutorial/leaderboards/getMyLeagueRewards (POST),1.0 [0.5]*,2.0,15.3,0.363,15.0,15.5,30.6,00.0,00.0
/model/sharedmodel/listSharedModels (POST),1.0 [0.5]*,1.0,30.3,0,30.3,30.3,30.3,00.0,00.0
/store/leaderboards/getTopPlayers (POST),1.0 [0.5]*,2.0,14.6,3.29,12.3,16.9,29.2,00.0,00.0
/tutorial/campaign/v2/getUpdatedStageInfo (POST),1.0 [0.5]*,2.0,13.8,1.4,12.8,14.8,27.6,00.0,00.0
/reward/periodic/store/purchaseConversionProduct (POST),1.0 [0.5]*,1.0,26.5,0,26.5,26.5,26.5,00.0,00.0
/tutorial/leaderboards/getPayoutTime (POST),1.0 [0.5]*,2.0,12.4,3.66,9.86,15.0,24.9,00.0,00.0
/{a:crate|crate\/v1}/leaderboards/getPayoutTime (POST),1.0 [0.5]*,1.0,24.0,0,24.0,24.0,24.0,00.0,00.0
/tutorial{a:player|player\/v1}/changePlayerName (POST),1.0 [0.5]*,1.0,22.8,0,22.8,22.8,22.8,00.0,00.0
/model/version (GET),1.0 [0.5]*,20.896939291987973,1.02,0.397,0.496,2.04,21.4,00.0,00.0
/tutorial/leaderboards/getTopPlayers (POST),1.0 [0.5]*,1.0,21.2,0,21.2,21.2,21.2,00.0,00.0
/reward/periodic/leaderboards/getCurrentLeague (POST),1.0 [0.5]*,1.0,18.0,0,18.0,18.0,18.0,00.0,00.0
/servertime/getServerTime (POST),1.0 [0.5]*,9.0,1.97,2.97,0.72,9.88,17.7,00.0,00.0
/playermodel/playermodel/updatePlayerItemClientData (POST),1.0 [0.5]*,1.0,17.2,0,17.2,17.2,17.2,00.0,00.0
/playermodel{a:player|player\/v1}/getPlayer (POST),1.0 [0.5]*,2.0,7.77,0.37,7.51,8.04,15.5,00.0,00.0
/battlelog/notification/update (POST),1.0 [0.5]*,1.0,14.1,0,14.1,14.1,14.1,00.0,00.0
/reward/periodic/version (GET),1.0 [0.5]*,9.866532962653924,1.25,1.16,0.65,4.48,12.4,00.0,00.0
/reward/periodic/leaderboards/getRewardsByLeague (POST),1.0 [0.5]*,1.0,12.1,0,12.1,12.1,12.1,00.0,00.0
/unauthenticated/localization/info (POST),1.0 [0.5]*,2.0,5.44,5.87,1.29,9.59,10.9,00.0,00.0
/store/leaderboards/getPayoutTime (POST),1.0 [0.5]*,1.0,9.55,0,9.55,9.55,9.55,00.0,00.0
/reward/periodic{a:player|player\/v1}/getPlayer (POST),1.0 [0.5]*,1.0,7.65,0,7.65,7.65,7.65,00.0,00.0
/tutorial{a:player|player\/v1}/getPlayer (POST),1.0 [0.5]*,1.0,7.45,0,7.45,7.45,7.45,00.0,00.0
/tutorial/version (GET),1.0 [0.5]*,7.0,0.942,0.306,0.709,1.58,6.6,00.0,00.0
/recipe{a:player|player\/v1}/getPlayer (POST),1.0 [0.5]*,1.0,6.38,0,6.38,6.38,6.38,00.0,00.0
/{a:crate|crate\/v1}{a:player|player\/v1}/getPlayer (POST),1.0 [0.5]*,1.0,6.33,0,6.33,6.33,6.33,00.0,00.0
/{a:crate|crate\/v1}/content/getGameContentVersionConfig (POST),1.0 [0.5]*,5.0,1.17,0.567,0.802,2.17,5.84,00.0,00.0
/reward/periodic/content/getGameContentVersionConfig (POST),1.0 [0.5]*,2.0,1.49,0.999,0.782,2.19,2.98,00.0,00.0
/battlelog/content/getGameContentVersionConfig (POST),1.0 [0.5]*,3.0,0.92,0.0756,0.833,0.973,2.76,00.0,00.0
/recipe/version (GET),1.0 [0.5]*,3.0,0.738,0.19,0.538,0.918,2.21,00.0,00.0
/battlelog/bundle/getBundleConfig (POST),1.0 [0.5]*,2.0,0.976,0.0023,0.974,0.978,1.95,00.0,00.0
/store/version (GET),1.0 [0.5]*,1.0,1.01,0,1.01,1.01,1.01,00.0,00.0
/{a:crate|crate\/v1}/servertime/getServerTime (POST),1.0 [0.5]*,1.0,0.821,0,0.821,0.821,0.821,00.0,00.0
/playermodel/content/getGameContentVersionConfig (POST),1.0 [0.5]*,1.0,0.79,0,0.79,0.79,0.79,00.0,00.0
